method,auc,ap,brier
sigmoid,0.7561052590050104,0.24405653543390174,0.07720822029802138
isotonic,0.753735923164258,0.24472508648965,0.07750215743119572
